{
	"id": "e8e90dd2-20be-49be-813f-07db44c6a4c2",
	"name": "CPS Environment",
	"values": [
		{
			"key": "CPS_HOST",
			"value": "localhost",
			"type": "default",
			"enabled": true
		},
		{
			"key": "CPS_PORT",
			"value": "8883",
			"type": "default",
			"enabled": true
		},
		{
			"key": "DMI_HOST",
			"value": "localhost",
			"type": "default",
			"enabled": true
		},
		{
			"key": "DMI_PORT",
			"value": "8783",
			"type": "default",
			"enabled": true
		},
		{
			"key": "DMI_STUB_HOST",
			"value": "localhost",
			"type": "default",
			"enabled": true
		},
		{
			"key": "DMI_STUB_PORT",
			"value": "8784",
			"type": "default",
			"enabled": true
		},
		{
			"key": "SDNC_HOST",
			"value": "localhost",
			"type": "default",
			"enabled": true
		},
		{
			"key": "SDNC_PORT",
			"value": "8282",
			"type": "default",
			"enabled": true
		}
	],
	"_postman_variable_scope": "environment",
	"_postman_exported_at": "2024-02-15T10:56:45.063Z",
	"_postman_exported_using": "Postman/10.23.1"
}